<?xml version='1.0' encoding='UTF-8' ?>
<schemas xmlns='http://xml.netbeans.org/schema/JAXBWizConfig' destdir='build/generated-sources/jaxb' projectName='stockWebApplication' version='1.0'>
	<schema type='-xmlschema' package='stocks' name='stockList'>
		<xjc-options>
		</xjc-options>
		<schema-sources>
			<schema-source location='src/conf/xml-resources/jaxb/stockList/stock.xsd' origLocation='src/java/org/myws/stock.xsd'/>
		</schema-sources>
		<bindings>
		</bindings>
		<catalog/>
	</schema>
</schemas>
