<?xml version="1.0" encoding="UTF-8" standalone="yes"?>
<stockPortfolio xmlns="http://xml.netbeans.org/schema/Shares">
    <stock_collection>
        <name>Coca-Cola</name>
        <code>CC</code>
        <shareNo>1420683</shareNo>
        <stock_price>
            <Currency>GBP</Currency>
            <sharePrice>27.35</sharePrice>
            <date>2021-01-24</date>
        </stock_price>
    </stock_collection>
    <stock_collection>
        <name>AstraZeneca</name>
        <code>AZN</code>
        <shareNo>13372689</shareNo>
        <stock_price>
            <Currency>GBP</Currency>
            <sharePrice>53.25</sharePrice>
            <date>2021-01-24</date>
        </stock_price>
    </stock_collection>
    <stock_collection>
        <name>Tesla</name>
        <code>TSLA</code>
        <shareNo>20066497</shareNo>
        <stock_price>
            <Currency>GBP</Currency>
            <sharePrice>846.64</sharePrice>
            <date>2021-01-24</date>
        </stock_price>
    </stock_collection>
    <stock_collection>
        <name>Amazon</name>
        <code>AMZN</code>
        <shareNo>2821914</shareNo>
        <stock_price>
            <Currency>GBP</Currency>
            <sharePrice>3292.23</sharePrice>
            <date>2021-01-24</date>
        </stock_price>
    </stock_collection>
    <stock_collection>
        <name>Facebook</name>
        <code>FB</code>
        <shareNo>21954042</shareNo>
        <stock_price>
            <Currency>GBP</Currency>
            <sharePrice>274.5</sharePrice>
            <date>2021-01-24</date>
        </stock_price>
    </stock_collection>
    <stock_collection>
        <name>Apple</name>
        <code>AAPL</code>
        <shareNo>114459360</shareNo>
        <stock_price>
            <Currency>GBP</Currency>
            <sharePrice>139.07</sharePrice>
            <date>2021-01-24</date>
        </stock_price>
    </stock_collection>
    <stock_collection>
        <name>Google</name>
        <code>GOOG</code>
        <shareNo>1272232</shareNo>
        <stock_price>
            <Currency>GBP</Currency>
            <sharePrice>1901.05</sharePrice>
            <date>2021-01-24</date>
        </stock_price>
    </stock_collection>
    <stock_collection>
        <name>HSBC</name>
        <code>HSBC</code>
        <shareNo>1340378</shareNo>
        <stock_price>
            <Currency>GBP</Currency>
            <sharePrice>27.82</sharePrice>
            <date>2021-01-24</date>
        </stock_price>
    </stock_collection>
    <stock_collection>
        <name>Netflix</name>
        <code>NFLX</code>
        <shareNo>7550822</shareNo>
        <stock_price>
            <Currency>GBP</Currency>
            <sharePrice>565.17</sharePrice>
            <date>2021-01-24</date>
        </stock_price>
    </stock_collection>
    <stock_collection>
        <name>Adobe</name>
        <code>ADBE</code>
        <shareNo>2534274</shareNo>
        <stock_price>
            <Currency>GBP</Currency>
            <sharePrice>472.44</sharePrice>
            <date>2021-01-24</date>
        </stock_price>
    </stock_collection>
    <stock_collection>
        <name>Vodafone</name>
        <code>VOD</code>
        <shareNo>1817079</shareNo>
        <stock_price>
            <Currency>GBP</Currency>
            <sharePrice>17.58</sharePrice>
            <date>2021-01-24</date>
        </stock_price>
    </stock_collection>
    <stock_collection>
        <name>Pepsi</name>
        <code>PEP</code>
        <shareNo>4014925</shareNo>
        <stock_price>
            <Currency>GBP</Currency>
            <sharePrice>138.59</sharePrice>
            <date>2021-01-24</date>
        </stock_price>
    </stock_collection>
    <stock_collection>
        <name>Microsoft</name>
        <code>MSFT</code>
        <shareNo>30172663</shareNo>
        <stock_price>
            <Currency>GBP</Currency>
            <sharePrice>225.95</sharePrice>
            <date>2021-01-24</date>
        </stock_price>
    </stock_collection>
    <stock_collection>
        <name>Starbucks</name>
        <code>SBUX</code>
        <shareNo>5231584</shareNo>
        <stock_price>
            <Currency>GBP</Currency>
            <sharePrice>103.91</sharePrice>
            <date>2021-01-24</date>
        </stock_price>
    </stock_collection>
</stockPortfolio>
